drug,WT,Mutant,WT Property,Mutant Property,WT Hydrophobicity,Mutant Hydrophobicity,Hydrophobicity Change,Charge Change,WT MW,Mutant MW,MW Change,dna_binding,dimerisation,ligand_binding,position
1,17.0,1.0,2.0,2.0,1,1,0,0,117,89,-28,0,0,0,1
1,13.0,2.0,3.0,4.0,-1,-1,0,1,105,174,69,0,0,0,2
1,13.0,10.0,3.0,2.0,-1,1,1,0,105,131,26,0,0,0,2
0,4.0,8.0,1.0,2.0,-1,1,1,1,133,75,-58,0,0,0,5
0,11.0,11.0,2.0,2.0,1,1,0,0,149,131,-18,0,1,0,17
0,11.0,20.0,2.0,2.0,1,1,0,0,149,117,-32,0,1,0,17
1,7.0,4.0,1.0,1.0,-1,-1,0,0,147,133,-14,0,1,0,21
1,7.0,12.0,1.0,4.0,-1,-1,0,2,147,146,-1,0,1,0,21
1,6.0,2.0,3.0,4.0,-1,-1,0,1,146,174,28,0,1,0,22
1,6.0,9.0,3.0,3.0,-1,-1,0,0,146,155,9,0,1,0,22
1,6.0,15.0,3.0,2.0,-1,-1,0,0,146,115,-31,0,1,0,22
0,11.0,11.0,2.0,2.0,1,1,0,0,149,131,-18,0,1,0,23
0,11.0,20.0,2.0,2.0,1,1,0,0,149,117,-32,0,1,0,23
1,13.0,2.0,3.0,4.0,-1,-1,0,1,105,174,69,0,0,0,31
1,14.0,1.0,3.0,2.0,-1,1,1,0,119,89,-30,1,0,0,33
1,14.0,16.0,3.0,3.0,-1,-1,0,0,119,105,-14,1,0,0,33
1,1.0,17.0,2.0,3.0,1,-1,-1,0,89,119,30,1,0,0,36
0,15.0,2.0,2.0,4.0,1,-1,-1,1,204,174,-30,1,0,0,42
1,5.0,2.0,2.0,4.0,1,-1,-1,1,121,174,53,1,0,0,46
1,2.0,18.0,4.0,2.0,-1,1,1,-1,174,204,30,1,0,0,50
1,13.0,14.0,3.0,2.0,-1,1,1,0,105,165,60,1,0,0,52
1,13.0,17.0,3.0,3.0,-1,-1,0,0,105,119,14,1,0,0,52
1,13.0,19.0,3.0,3.0,-1,1,1,0,105,181,76,1,0,0,52
1,13.0,17.0,3.0,3.0,-1,-1,0,0,105,119,14,1,0,0,52
1,13.0,19.0,3.0,3.0,-1,1,1,0,105,181,76,1,0,0,52
1,13.0,15.0,3.0,2.0,-1,-1,0,0,105,115,10,1,0,0,53
0,7.0,4.0,1.0,1.0,-1,-1,0,0,147,133,-14,1,0,0,55
1,1.0,7.0,2.0,1.0,1,-1,-1,-1,89,147,58,1,0,0,57
1,1.0,20.0,2.0,2.0,1,1,0,0,89,117,28,1,0,0,59
1,1.0,20.0,2.0,2.0,1,1,0,0,89,117,28,1,0,0,62
1,1.0,17.0,2.0,3.0,1,-1,-1,0,89,119,30,1,0,0,62
1,13.0,8.0,3.0,2.0,-1,1,1,0,105,75,-30,1,0,0,64
1,13.0,2.0,3.0,4.0,-1,-1,0,1,105,174,69,1,0,0,64
1,13.0,8.0,3.0,2.0,-1,1,1,0,105,75,-30,1,0,0,64
0,8.0,18.0,2.0,2.0,1,1,0,0,75,204,129,1,0,0,66
0,8.0,20.0,2.0,2.0,1,1,0,0,75,117,42,1,0,0,66
1,9.0,16.0,2.0,3.0,1,-1,-1,0,131,105,-26,1,0,0,67
1,13.0,8.0,3.0,2.0,-1,1,1,0,105,75,-30,1,0,0,68
1,13.0,3.0,3.0,3.0,-1,-1,0,0,105,132,27,1,0,0,68
1,13.0,3.0,3.0,3.0,-1,-1,0,0,105,132,27,1,0,0,68
1,2.0,18.0,4.0,2.0,-1,1,1,-1,174,204,30,1,0,0,72
1,2.0,17.0,4.0,3.0,-1,-1,0,-1,174,119,-55,1,0,0,72
1,10.0,15.0,2.0,2.0,1,-1,-1,0,131,115,-16,1,0,0,74
0,8.0,1.0,2.0,2.0,1,1,0,0,75,89,14,1,0,0,78
0,8.0,2.0,2.0,4.0,1,-1,-1,1,75,174,99,1,0,0,78
0,8.0,18.0,2.0,2.0,1,1,0,0,75,204,129,1,0,0,78
0,8.0,20.0,2.0,2.0,1,1,0,0,75,117,42,1,0,0,78
1,12.0,16.0,2.0,3.0,1,-1,-1,0,165,105,-60,1,0,1,79
1,12.0,5.0,2.0,2.0,1,1,0,0,165,121,-44,1,0,1,79
1,12.0,11.0,2.0,2.0,1,1,0,0,165,131,-34,1,0,1,79
1,10.0,15.0,2.0,2.0,1,-1,-1,0,131,115,-16,1,0,0,83
0,17.0,1.0,2.0,2.0,1,1,0,0,117,89,-28,1,0,0,85
0,17.0,8.0,2.0,2.0,1,1,0,0,117,75,-42,1,0,0,85
0,17.0,10.0,2.0,2.0,1,1,0,0,117,131,14,1,0,0,85
0,17.0,8.0,2.0,2.0,1,1,0,0,117,75,-42,1,0,0,85
0,17.0,10.0,2.0,2.0,1,1,0,0,117,131,14,1,0,0,85
0,8.0,2.0,2.0,4.0,1,-1,-1,1,75,174,99,1,0,0,87
1,4.0,2.0,1.0,4.0,-1,-1,0,2,133,174,41,1,0,0,88
0,4.0,8.0,1.0,2.0,-1,1,1,1,133,75,-58,1,0,0,88
1,2.0,5.0,4.0,2.0,-1,1,1,-1,174,121,-53,1,0,0,90
0,12.0,11.0,2.0,2.0,1,1,0,0,165,131,-34,1,0,0,93
1,2.0,6.0,4.0,3.0,-1,-1,0,-1,174,146,-28,1,0,0,94
1,3.0,4.0,3.0,1.0,-1,-1,0,-1,132,133,1,0,0,0,98
1,3.0,12.0,3.0,4.0,-1,-1,0,1,132,146,14,0,0,0,98
1,3.0,16.0,3.0,3.0,-1,-1,0,0,132,105,-27,0,0,0,98
0,1.0,17.0,2.0,3.0,1,-1,-1,0,89,119,30,0,1,1,101
0,1.0,16.0,2.0,3.0,1,-1,-1,0,89,105,16,0,1,1,101
1,1.0,15.0,2.0,2.0,1,-1,-1,0,89,115,26,0,1,0,102
1,1.0,16.0,2.0,3.0,1,-1,-1,0,89,105,16,0,1,0,112
1,1.0,17.0,2.0,3.0,1,-1,-1,0,89,119,30,0,1,0,112
0,4.0,9.0,1.0,3.0,-1,-1,0,1,133,155,22,0,1,0,116
0,10.0,2.0,2.0,4.0,1,-1,-1,1,131,174,43,0,1,0,117
1,1.0,17.0,2.0,3.0,1,-1,-1,0,89,119,30,0,1,0,118
1,8.0,2.0,2.0,4.0,1,-1,-1,1,75,174,99,0,1,0,121
1,8.0,7.0,2.0,1.0,1,-1,-1,-1,75,147,72,0,1,0,121
1,8.0,20.0,2.0,2.0,1,1,0,0,75,117,42,0,1,0,121
1,10.0,15.0,2.0,2.0,1,-1,-1,0,131,115,-16,0,1,0,122
1,10.0,13.0,2.0,2.0,1,1,0,0,131,149,18,0,1,0,122
1,2.0,12.0,4.0,4.0,-1,-1,0,0,174,146,-28,0,1,0,123
1,2.0,13.0,4.0,2.0,-1,1,1,-1,174,149,-25,0,1,0,123
0,2.0,18.0,4.0,2.0,-1,1,1,-1,174,204,30,0,1,0,135
1,2.0,8.0,4.0,2.0,-1,1,1,-1,174,75,-99,0,1,0,135
1,2.0,15.0,4.0,2.0,-1,-1,0,-1,174,115,-59,0,1,0,135
1,10.0,2.0,2.0,4.0,1,-1,-1,1,131,174,43,0,1,0,136
0,16.0,14.0,3.0,2.0,1,1,0,0,181,165,-16,0,1,0,145
0,11.0,11.0,2.0,2.0,1,1,0,0,149,131,-18,0,1,0,146
0,11.0,17.0,2.0,3.0,1,-1,-1,0,149,119,-30,0,1,0,146
1,10.0,15.0,2.0,2.0,1,-1,-1,0,131,115,-16,0,1,0,154
0,16.0,4.0,3.0,1.0,1,-1,-1,-1,181,133,-48,0,1,0,157
0,16.0,9.0,3.0,3.0,1,-1,-1,0,181,155,-26,0,1,0,157
0,13.0,2.0,3.0,4.0,-1,-1,0,1,105,174,69,0,1,0,158
