drug,WT,Mutant,WT Property,Mutant Property,WT Hydrophobicity,Mutant Hydrophobicity,Hydrophobicity Change,Charge Change,WT MW,Mutant MW,MW Change
1,17.0,1.0,2.0,2.0,1,1,0,0,117,89,-28
1,13.0,2.0,3.0,4.0,-1,-1,0,1,105,174,69
1,13.0,10.0,3.0,2.0,-1,1,1,0,105,131,26
0,4.0,8.0,1.0,2.0,-1,1,1,1,133,75,-58
0,11.0,11.0,2.0,2.0,1,1,0,0,149,131,-18
0,11.0,20.0,2.0,2.0,1,1,0,0,149,117,-32
1,7.0,4.0,1.0,1.0,-1,-1,0,0,147,133,-14
1,7.0,12.0,1.0,4.0,-1,-1,0,2,147,146,-1
1,6.0,2.0,3.0,4.0,-1,-1,0,1,146,174,28
1,6.0,9.0,3.0,4.0,-1,-1,0,1,146,155,9
1,6.0,15.0,3.0,2.0,-1,1,1,0,146,115,-31
0,11.0,11.0,2.0,2.0,1,1,0,0,149,131,-18
0,11.0,20.0,2.0,2.0,1,1,0,0,149,117,-32
1,13.0,2.0,3.0,4.0,-1,-1,0,1,105,174,69
1,14.0,1.0,3.0,2.0,-1,1,1,0,119,89,-30
1,14.0,16.0,3.0,3.0,-1,-1,0,0,119,105,-14
1,1.0,17.0,2.0,3.0,1,-1,-1,0,89,119,30
0,15.0,2.0,2.0,4.0,1,-1,-1,1,204,174,-30
1,5.0,2.0,2.0,4.0,1,-1,-1,1,121,174,53
1,2.0,18.0,4.0,2.0,-1,1,1,-1,174,204,30
1,13.0,14.0,3.0,2.0,-1,1,1,0,105,165,60
1,13.0,17.0,3.0,3.0,-1,-1,0,0,105,119,14
1,13.0,19.0,3.0,3.0,-1,-1,0,0,105,181,76
1,13.0,17.0,3.0,3.0,-1,-1,0,0,105,119,14
1,13.0,19.0,3.0,3.0,-1,-1,0,0,105,181,76
1,13.0,15.0,3.0,2.0,-1,1,1,0,105,115,10
0,7.0,4.0,1.0,1.0,-1,-1,0,0,147,133,-14
1,1.0,7.0,2.0,1.0,1,-1,-1,-1,89,147,58
1,1.0,20.0,2.0,2.0,1,1,0,0,89,117,28
1,1.0,20.0,2.0,2.0,1,1,0,0,89,117,28
1,1.0,17.0,2.0,3.0,1,-1,-1,0,89,119,30
1,13.0,8.0,3.0,2.0,-1,1,1,0,105,75,-30
1,13.0,2.0,3.0,4.0,-1,-1,0,1,105,174,69
1,13.0,8.0,3.0,2.0,-1,1,1,0,105,75,-30
0,8.0,18.0,2.0,2.0,1,1,0,0,75,204,129
0,8.0,20.0,2.0,2.0,1,1,0,0,75,117,42
1,9.0,16.0,2.0,3.0,1,-1,-1,0,131,105,-26
1,13.0,8.0,3.0,2.0,-1,1,1,0,105,75,-30
1,13.0,3.0,3.0,3.0,-1,-1,0,0,105,132,27
1,13.0,3.0,3.0,3.0,-1,-1,0,0,105,132,27
1,2.0,18.0,4.0,2.0,-1,1,1,-1,174,204,30
1,2.0,17.0,4.0,3.0,-1,-1,0,-1,174,119,-55
1,10.0,15.0,2.0,2.0,1,1,0,0,131,115,-16
0,8.0,1.0,2.0,2.0,1,1,0,0,75,89,14
0,8.0,2.0,2.0,4.0,1,-1,-1,1,75,174,99
0,8.0,18.0,2.0,2.0,1,1,0,0,75,204,129
0,8.0,20.0,2.0,2.0,1,1,0,0,75,117,42
1,12.0,16.0,2.0,3.0,1,-1,-1,0,165,105,-60
1,12.0,5.0,2.0,2.0,1,1,0,0,165,121,-44
1,12.0,11.0,2.0,2.0,1,1,0,0,165,131,-34
1,10.0,15.0,2.0,2.0,1,1,0,0,131,115,-16
0,17.0,1.0,2.0,2.0,1,1,0,0,117,89,-28
0,17.0,8.0,2.0,2.0,1,1,0,0,117,75,-42
0,17.0,10.0,2.0,2.0,1,1,0,0,117,131,14
0,17.0,8.0,2.0,2.0,1,1,0,0,117,75,-42
0,17.0,10.0,2.0,2.0,1,1,0,0,117,131,14
0,8.0,2.0,2.0,4.0,1,-1,-1,1,75,174,99
1,4.0,2.0,1.0,4.0,-1,-1,0,2,133,174,41
0,4.0,8.0,1.0,2.0,-1,1,1,1,133,75,-58
1,2.0,5.0,4.0,2.0,-1,1,1,-1,174,121,-53
0,12.0,11.0,2.0,2.0,1,1,0,0,165,131,-34
1,2.0,6.0,4.0,3.0,-1,-1,0,-1,174,146,-28
1,3.0,4.0,3.0,1.0,-1,-1,0,-1,132,133,1
1,3.0,12.0,3.0,4.0,-1,-1,0,1,132,146,14
1,3.0,16.0,3.0,3.0,-1,-1,0,0,132,105,-27
0,1.0,17.0,2.0,3.0,1,-1,-1,0,89,119,30
0,1.0,16.0,2.0,3.0,1,-1,-1,0,89,105,16
1,1.0,15.0,2.0,2.0,1,1,0,0,89,115,26
1,1.0,16.0,2.0,3.0,1,-1,-1,0,89,105,16
1,1.0,17.0,2.0,3.0,1,-1,-1,0,89,119,30
0,4.0,9.0,1.0,4.0,-1,-1,0,2,133,155,22
0,10.0,2.0,2.0,4.0,1,-1,-1,1,131,174,43
1,1.0,17.0,2.0,3.0,1,-1,-1,0,89,119,30
1,8.0,2.0,2.0,4.0,1,-1,-1,1,75,174,99
1,8.0,7.0,2.0,1.0,1,-1,-1,-1,75,147,72
1,8.0,20.0,2.0,2.0,1,1,0,0,75,117,42
1,10.0,15.0,2.0,2.0,1,1,0,0,131,115,-16
1,10.0,13.0,2.0,2.0,1,1,0,0,131,149,18
1,2.0,12.0,4.0,4.0,-1,-1,0,0,174,146,-28
1,2.0,13.0,4.0,2.0,-1,1,1,-1,174,149,-25
0,2.0,18.0,4.0,2.0,-1,1,1,-1,174,204,30
1,2.0,8.0,4.0,2.0,-1,1,1,-1,174,75,-99
1,2.0,15.0,4.0,2.0,-1,1,1,-1,174,115,-59
1,10.0,2.0,2.0,4.0,1,-1,-1,1,131,174,43
0,16.0,14.0,3.0,2.0,-1,1,1,0,181,165,-16
0,11.0,11.0,2.0,2.0,1,1,0,0,149,131,-18
0,11.0,17.0,2.0,3.0,1,-1,-1,0,149,119,-30
1,10.0,15.0,2.0,2.0,1,1,0,0,131,115,-16
0,16.0,4.0,3.0,1.0,-1,-1,0,-1,181,133,-48
0,16.0,9.0,3.0,4.0,-1,-1,0,1,181,155,-26
0,13.0,2.0,3.0,4.0,-1,-1,0,1,105,174,69
